,Star Name,Distance,Mass,Radius,Gravity
0,2MASSW J0045214+163445,57.0,4.3669537235999995e+28,115817394.942,217.2787267524544
1,WISEP J004701.06+680352.1Ã‚Â [fr],40.0,2.2784106383999997e+28,92939884.82999994,176.0410467164833
2,2MASS J03264225-2102057Ã‚Â [de],80.0,3.4176159576e+28,92939884.82999994,264.06157007472495
3,2MASS J03552337+1133437,29.8,3.797351064e+28,94369729.212,284.5781383444831
4,2MASS J04433764+0002040,82.0,4.1770861704e+28,127256149.99799992,172.14803783504945
5,2MASS J05012406-0010452Ã‚Â [de],64.0,3.987218617199999e+28,98659262.35799992,273.3886765721484
6,LSR 0602+3910Ã‚Â [de],34.6,5.3162914895999995e+28,100804028.93099992,349.171836201398
7,2MASS J10224821+5825453Ã‚Â [de],60.0,5.1264239364e+28,100804028.93099992,336.70141347991955
